country,code,year,electricity_access,food_imports,freshwater_per_capita,renewable_electricity,undernourishment,water_withdrawal
Bahrain,BHR,2000,100.0,9.698642707,6.273702834,0.0,,7218.413475
Bahrain,BHR,2001,100.0,11.74189121,6.048545627,0.0,,6808.108975
Bahrain,BHR,2002,100.0,10.93562838,5.629418214,0.0,,6397.8045
Bahrain,BHR,2003,100.0,9.571281502,5.23206155,0.0,,5967.5
Bahrain,BHR,2004,100.0,8.105738935,4.855895239,0.0,,5832.04545
Bahrain,BHR,2005,100.0,6.796056113,4.50033865,0.0,,5696.5909
Bahrain,BHR,2006,100.0,5.724408925,4.164827201,0.0,,5561.136375
Bahrain,BHR,2007,100.0,5.16493125,3.848762863,0.0,,5425.681825
Bahrain,BHR,2008,100.0,6.302129414,3.624843226,0.005257624,,5290.227275
Bahrain,BHR,2009,100.0,7.983990793,3.394389922,0.005318913,,5154.772725
Bahrain,BHR,2010,100.0,7.614975839,3.255889293,0.005036938,,5019.318175
Bahrain,BHR,2011,100.0,8.313941765,3.347224314,0.004930561,,4883.86365
Bahrain,BHR,2012,100.0,10.78563213,3.308617957,0.008193744,,4748.4091
Bahrain,BHR,2013,100.0,9.16647391,3.191851841,0.007832999,,4612.95455
Bahrain,BHR,2014,100.0,9.422277816,3.042838603,0.034675082,,4477.5
Bahrain,BHR,2015,100.0,11.67082333,2.919021953,0.03317652,,3977.5
Bahrain,BHR,2016,100.0,11.9218922,2.809529362,0.033146264,,3877.5
Bahrain,BHR,2017,100.0,10.33687172,2.664684142,0.032335329,,3877.5
Bahrain,BHR,2018,100.0,9.246678738,2.661182856,0.031974285,,3877.5
Bahrain,BHR,2019,100.0,9.750282674,2.695861045,0.033833791,,3877.5
Bahrain,BHR,2020,100.0,11.66433548,2.717014762,0.033551016,,3877.5
Bahrain,BHR,2021,100.0,12.27928237,2.658929183,0.037442044,,3877.5
Bahrain,BHR,2022,100.0,14.1665572,2.623478956,,,3877.5
Bahrain,BHR,2023,100.0,13.91212355,,,,
Kuwait,KWT,2000,100.0,13.84479104,0.0,0.0,,
Kuwait,KWT,2001,100.0,12.59747052,0.0,0.0,2.5,
Kuwait,KWT,2002,100.0,12.01356899,0.0,0.0,2.5,
Kuwait,KWT,2003,100.0,11.86106268,0.0,0.0,2.5,
Kuwait,KWT,2004,100.0,10.98950426,0.0,0.0,2.5,
Kuwait,KWT,2005,100.0,,0.0,0.0,2.5,
Kuwait,KWT,2006,100.0,14.4265293,0.0,0.0,2.5,
Kuwait,KWT,2007,100.0,12.90346624,0.0,0.0,2.5,
Kuwait,KWT,2008,100.0,14.61484706,0.0,0.0,2.5,
Kuwait,KWT,2009,100.0,,0.0,0.0,2.5,
Kuwait,KWT,2010,100.0,15.32247116,0.0,0.0,2.5,
Kuwait,KWT,2011,100.0,16.79840352,0.0,1.74e-05,2.5,
Kuwait,KWT,2012,100.0,,0.0,1.64e-05,2.5,
Kuwait,KWT,2013,100.0,14.96061347,0.0,0.000295169,2.5,
Kuwait,KWT,2014,100.0,15.61603601,0.0,0.005035309,2.5,
Kuwait,KWT,2015,100.0,15.84483374,0.0,0.007453725,2.5,
Kuwait,KWT,2016,100.0,15.00403817,0.0,0.069644004,2.5,
Kuwait,KWT,2017,100.0,15.05447411,0.0,0.070409958,2.5,
Kuwait,KWT,2018,100.0,15.02751196,0.0,0.074450427,2.5,
Kuwait,KWT,2019,100.0,16.48637984,0.0,0.082828256,2.5,
Kuwait,KWT,2020,100.0,20.05467751,0.0,0.080649045,2.5,
Kuwait,KWT,2021,100.0,16.63110561,0.0,0.265012812,2.5,
Kuwait,KWT,2022,100.0,17.69710813,0.0,,2.5,
Kuwait,KWT,2023,100.0,17.1095766,,,2.5,
Oman,OMN,2000,100.0,20.52417233,613.4617163,0.0,,92.85714286
Oman,OMN,2001,100.0,22.24820397,606.0036784,0.0,16.3,90.79220779
Oman,OMN,2002,100.0,20.93544599,599.0227372,0.0,15.1,89.75
Oman,OMN,2003,100.0,5.77066505,592.2676915,0.0,14.2,84.71428571
Oman,OMN,2004,100.0,13.33461578,582.1639116,0.0,12.3,87.91428571
Oman,OMN,2005,99.9,11.81312005,569.1515008,0.0,10.1,91.11428571
Oman,OMN,2006,99.9,10.57667323,556.7054173,0.0,8.3,94.31428571
Oman,OMN,2007,100.0,9.742534711,544.7102025,0.0,6.8,97.51428571
Oman,OMN,2008,100.0,10.88111408,533.0228602,0.0,5.5,100.7142857
Oman,OMN,2009,100.0,10.94265654,521.4814991,0.0,4.5,103.9142857
Oman,OMN,2010,100.0,12.10693749,507.7161983,0.0,4.6,107.1142857
Oman,OMN,2011,100.0,11.08058194,455.0236726,0.0,5.5,110.3142857
Oman,OMN,2012,100.0,10.36149057,394.6879512,0.0,6.5,113.5142857
Oman,OMN,2013,100.0,9.202121021,365.1621724,0.005068404,6.9,116.7142857
Oman,OMN,2014,100.0,12.32585365,349.7867175,0.004565897,6.8,116.7142857
Oman,OMN,2015,100.0,12.24782279,334.5364699,0.012758684,7.2,116.7142857
Oman,OMN,2016,100.0,15.64156209,318.84291,0.012269222,7.2,116.7142857
Oman,OMN,2017,100.0,13.62462772,308.5470168,0.043081265,7.0,116.7142857
Oman,OMN,2018,100.0,14.82758102,304.4883541,0.129555514,6.3,116.7142857
Oman,OMN,2019,100.0,17.25043258,304.9284496,0.151316297,5.9,116.7142857
Oman,OMN,2020,100.0,15.75349921,309.5635,0.413562832,5.8,116.7142857
Oman,OMN,2021,100.0,16.61270621,311.0818003,1.939923605,5.7,116.7142857
Oman,OMN,2022,100.0,14.57472394,295.9689452,,5.9,116.7142857
Oman,OMN,2023,100.0,13.6921582,,,5.9,
Qatar,QAT,2000,100.0,11.7485364,86.82318613,0.0,,292.6785714
Qatar,QAT,2001,100.0,11.30159028,82.60500793,0.0,,311.6428571
Qatar,QAT,2002,100.0,11.93459983,78.73960391,0.0,,333.4642857
Qatar,QAT,2003,100.0,9.749717968,75.19988398,0.0,,353.8571429
Qatar,QAT,2004,100.0,7.468259162,72.41391796,0.0,,374.25
Qatar,QAT,2005,100.0,6.578930974,67.84523533,0.0,,387.5
Qatar,QAT,2006,100.0,5.212661875,57.5639551,0.0,,394.9107143
Qatar,QAT,2007,100.0,4.791967258,46.33479371,0.0,,402.3214286
Qatar,QAT,2008,100.0,6.049202666,39.24487259,0.0,,409.7321429
Qatar,QAT,2009,100.0,,34.80632456,0.0,,417.1428571
Qatar,QAT,2010,100.0,8.495068095,34.63563314,0.0,,424.5535714
Qatar,QAT,2011,100.0,,34.4666077,0.034591604,,431.9642857
Qatar,QAT,2012,100.0,9.844586956,32.51205559,0.030557392,,439.375
Qatar,QAT,2013,100.0,9.281406474,29.22106045,0.231423791,,446.7857143
Qatar,QAT,2014,100.0,9.897881791,26.0253887,0.279980358,,450.1785714
Qatar,QAT,2015,100.0,9.754492857,23.88510921,0.303236223,,446.4285714
Qatar,QAT,2016,100.0,9.904607018,22.60696222,0.309972345,,447.8571429
Qatar,QAT,2017,100.0,11.18378748,21.99684188,0.301422488,,446.4285714
Qatar,QAT,2018,100.0,10.62367975,21.699253,0.298213391,,446.4285714
Qatar,QAT,2019,100.0,10.82055531,21.22291757,0.252506416,,446.4285714
Qatar,QAT,2020,100.0,11.92009314,20.04188754,0.289800642,,446.4285714
Qatar,QAT,2021,100.0,10.79487679,22.35609263,0.276427645,,446.4285714
Qatar,QAT,2022,100.0,12.02474664,21.0737608,,,446.4285714
Qatar,QAT,2023,100.0,11.20429568,,,,
Saudi Arabia,SAU,2000,100.0,18.40403182,148.3521598,0.000483394,,819.7583333
Saudi Arabia,SAU,2001,100.0,15.74454391,140.8335244,0.000456337,4.6,832.6442708
Saudi Arabia,SAU,2002,100.0,16.5958245,133.9965418,0.000430378,4.8,847.7802083
Saudi Arabia,SAU,2003,100.0,16.80824922,127.7494952,0.000398693,4.7,858.1661458
Saudi Arabia,SAU,2004,100.0,15.9874619,122.0164437,0.000381548,4.5,870.1354167
Saudi Arabia,SAU,2005,100.0,14.95307414,116.732142,0.000346347,4.2,894.8203125
Saudi Arabia,SAU,2006,100.0,13.63436359,111.840435,0.00033621,3.9,943.3333333
Saudi Arabia,SAU,2007,100.0,13.28421892,107.2946359,0.000320151,3.6,936.1284721
Saudi Arabia,SAU,2008,100.0,14.46944077,103.0579129,0.000298727,3.4,928.9236113
Saudi Arabia,SAU,2009,100.0,15.0400137,99.10125894,0.000281,3.1,921.71875
Saudi Arabia,SAU,2010,100.0,15.94562529,100.0897179,0.001703663,3.2,914.5138888
Saudi Arabia,SAU,2011,100.0,15.32736613,95.64852229,0.002155293,3.1,907.3090279
Saudi Arabia,SAU,2012,100.0,14.05477112,91.71205426,0.008861731,3.2,900.1041667
Saudi Arabia,SAU,2013,100.0,14.5375069,86.88096049,0.014016888,2.8,894.2395833
Saudi Arabia,SAU,2014,100.0,14.2814704,84.77787473,0.013609518,2.7,894.7083333
Saudi Arabia,SAU,2015,100.0,13.7273692,80.4926634,0.012734504,2.5,948.875
Saudi Arabia,SAU,2016,99.9,15.77657008,77.53390994,0.012434076,2.5,929.5833333
Saudi Arabia,SAU,2017,100.0,15.97346629,77.47594977,0.01841144,2.5,955.9583333
Saudi Arabia,SAU,2018,99.9,15.40230684,79.47998629,0.056225168,2.5,974.1666667
Saudi Arabia,SAU,2019,100.0,13.92103656,79.83023037,0.068837562,2.5,974.1666667
Saudi Arabia,SAU,2020,100.0,16.24168666,76.06367924,0.067648214,2.5,974.1666667
Saudi Arabia,SAU,2021,100.0,15.07901588,77.961608,0.065298165,2.5,974.1666667
Saudi Arabia,SAU,2022,100.0,15.52405412,74.59155529,,2.5,974.1666667
Saudi Arabia,SAU,2023,100.0,13.40109313,,,2.5,
United Arab Emirates,ARE,2000,100.0,11.08482616,42.93596101,0.0,,1555.866667
United Arab Emirates,ARE,2001,100.0,9.751689384,40.2837047,0.0,2.5,1527.928889
United Arab Emirates,ARE,2002,100.0,7.756803351,37.90917266,0.0,2.5,1499.991111
United Arab Emirates,ARE,2003,100.0,7.387463005,35.77854227,0.0,2.5,1472.053333
United Arab Emirates,ARE,2004,100.0,6.416966679,33.86794257,0.0,2.5,1669.36
United Arab Emirates,ARE,2005,100.0,6.645525343,32.15578836,0.0,3.1,1866.666667
United Arab Emirates,ARE,2006,100.0,6.399717023,29.94549919,0.0,3.8,1849.636364
United Arab Emirates,ARE,2007,100.0,6.016359747,26.66839715,0.0,4.6,1832.606061
United Arab Emirates,ARE,2008,100.0,6.056882564,23.79946004,0.0,5.3,1815.575757
United Arab Emirates,ARE,2009,100.0,6.144778342,22.3645002,0.007479754,5.9,1798.545455
United Arab Emirates,ARE,2010,100.0,6.006562315,21.83457601,0.019606382,5.6,1781.515151
United Arab Emirates,ARE,2011,100.0,6.512326288,21.11326592,0.022594995,4.9,1764.484849
United Arab Emirates,ARE,2012,100.0,5.891380722,20.29372323,0.022340005,3.9,1747.454545
United Arab Emirates,ARE,2013,100.0,5.04314244,19.49816659,0.078367199,3.5,1730.424243
United Arab Emirates,ARE,2014,100.0,5.526833134,18.61171496,0.26356343,3.5,1713.393939
United Arab Emirates,ARE,2015,100.0,5.785919212,17.63619285,0.240204737,3.6,1696.363637
United Arab Emirates,ARE,2016,100.0,5.910808325,16.78773421,0.24815412,3.5,1679.333333
United Arab Emirates,ARE,2017,100.0,6.997078886,16.26329185,0.557695737,3.4,1630.0
United Arab Emirates,ARE,2018,100.0,7.305793174,16.04844319,0.885151529,2.9,1667.333333
United Arab Emirates,ARE,2019,100.0,6.184051465,15.8800989,2.645867942,2.8,1628.666667
United Arab Emirates,ARE,2020,100.0,6.826593264,15.95568489,3.783198602,2.5,1587.333333
United Arab Emirates,ARE,2021,100.0,5.356703217,15.66554766,4.201345839,2.5,1533.333333
United Arab Emirates,ARE,2022,100.0,5.584466257,14.88837146,,2.5,1509.933333
United Arab Emirates,ARE,2023,100.0,4.988967518,,,2.5,
